{
  "win_probs": {
    "Algeria": 0.0058,
    "Argentina": 0.06662,
    "Australia": 0.01227,
    "Austria": 0.01112,
    "Belgium": 0.01937,
    "Bosnia and Herzegovina": 0.00099,
    "Brazil": 0.04102,
    "Canada": 0.00919,
    "Cape Verde": 0.00093,
    "Colombia": 0.03763,
    "Croatia": 0.01904,
    "Curacao": 0.00123,
    "Czech Republic": 0.00449,
    "Democratic Republic of the Congo": 7e-05,
    "Ecuador": 0.02177,
    "Egypt": 0.0075,
    "England": 0.07,
    "France": 0.05923,
    "Germany": 0.04675,
    "Ghana": 0.00061,
    "Haiti": 0.00263,
    "Iran": 0.00685,
    "Iraq": 0.0012,
    "Ivory Coast": 0.00541,
    "Japan": 0.03709,
    "Jordan": 0.0029,
    "Mexico": 0.01557,
    "Morocco": 0.0385,
    "Netherlands": 0.05879,
    "New Zealand": 0.00332,
    "Norway": 0.03903,
    "Panama": 0.00336,
    "Paraguay": 0.0075,
    "Portugal": 0.05238,
    "Qatar": 0.00031,
    "Saudi Arabia": 0.00108,
    "Scotland": 0.00591,
    "Senegal": 0.02362,
    "South Africa": 0.0013,
    "South Korea": 0.00823,
    "Spain": 0.16041,
    "Sweden": 0.00556,
    "Switzerland": 0.02564,
    "Tunisia": 0.00334,
    "Turkey": 0.02242,
    "USA": 0.00628,
    "Uruguay": 0.02175,
    "Uzbekistan": 0.00399
  },
  "finalist_probs": {
    "Algeria": 0.01465,
    "Argentina": 0.10709,
    "Australia": 0.03417,
    "Austria": 0.02426,
    "Belgium": 0.04398,
    "Bosnia and Herzegovina": 0.00427,
    "Brazil": 0.08632,
    "Canada": 0.02888,
    "Cape Verde": 0.0036,
    "Colombia": 0.06886,
    "Croatia": 0.04058,
    "Curacao": 0.00473,
    "Czech Republic": 0.01563,
    "Democratic Republic of the Congo": 0.00046,
    "Ecuador": 0.04988,
    "Egypt": 0.02065,
    "England": 0.11124,
    "France": 0.09953,
    "Germany": 0.09139,
    "Ghana": 0.00226,
    "Haiti": 0.00927,
    "Iran": 0.02044,
    "Iraq": 0.00395,
    "Ivory Coast": 0.01589,
    "Japan": 0.08373,
    "Jordan": 0.00776,
    "Mexico": 0.04489,
    "Morocco": 0.08277,
    "Netherlands": 0.12312,
    "New Zealand": 0.01048,
    "Norway": 0.07113,
    "Panama": 0.00987,
    "Paraguay": 0.02103,
    "Portugal": 0.08894,
    "Qatar": 0.00169,
    "Saudi Arabia": 0.00406,
    "Scotland": 0.01827,
    "Senegal": 0.04651,
    "South Africa": 0.00538,
    "South Korea": 0.02619,
    "Spain": 0.2268,
    "Sweden": 0.01767,
    "Switzerland": 0.06344,
    "Tunisia": 0.01215,
    "Turkey": 0.05518,
    "USA": 0.02068,
    "Uruguay": 0.04404,
    "Uzbekistan": 0.01224
  },
  "semi_probs": {
    "Algeria": 0.03713,
    "Argentina": 0.18112,
    "Australia": 0.07631,
    "Austria": 0.05591,
    "Belgium": 0.09712,
    "Bosnia and Herzegovina": 0.0151,
    "Brazil": 0.15586,
    "Canada": 0.07252,
    "Cape Verde": 0.01251,
    "Colombia": 0.139,
    "Croatia": 0.09271,
    "Curacao": 0.01597,
    "Czech Republic": 0.042,
    "Democratic Republic of the Congo": 0.00229,
    "Ecuador": 0.10622,
    "Egypt": 0.05347,
    "England": 0.19542,
    "France": 0.18115,
    "Germany": 0.17362,
    "Ghana": 0.00918,
    "Haiti": 0.02676,
    "Iran": 0.0522,
    "Iraq": 0.014,
    "Ivory Coast": 0.04284,
    "Japan": 0.15455,
    "Jordan": 0.02215,
    "Mexico": 0.09698,
    "Morocco": 0.15203,
    "Netherlands": 0.20751,
    "New Zealand": 0.03075,
    "Norway": 0.14002,
    "Panama": 0.0313,
    "Paraguay": 0.05131,
    "Portugal": 0.16422,
    "Qatar": 0.0076,
    "Saudi Arabia": 0.01443,
    "Scotland": 0.04505,
    "Senegal": 0.102,
    "South Africa": 0.01834,
    "South Korea": 0.06415,
    "Spain": 0.33547,
    "Sweden": 0.04356,
    "Switzerland": 0.12675,
    "Tunisia": 0.03336,
    "Turkey": 0.11093,
    "USA": 0.05528,
    "Uruguay": 0.10568,
    "Uzbekistan": 0.03617
  },
  "qf_probs": {
    "Algeria": 0.0981,
    "Argentina": 0.31681,
    "Australia": 0.16007,
    "Austria": 0.13162,
    "Belgium": 0.20091,
    "Bosnia and Herzegovina": 0.04966,
    "Brazil": 0.27589,
    "Canada": 0.17854,
    "Cape Verde": 0.04148,
    "Colombia": 0.26947,
    "Croatia": 0.18763,
    "Curacao": 0.04958,
    "Czech Republic": 0.10829,
    "Democratic Republic of the Congo": 0.01073,
    "Ecuador": 0.21179,
    "Egypt": 0.12634,
    "England": 0.34013,
    "France": 0.32985,
    "Germany": 0.30792,
    "Ghana": 0.03334,
    "Haiti": 0.06941,
    "Iran": 0.12452,
    "Iraq": 0.04421,
    "Ivory Coast": 0.10739,
    "Japan": 0.27588,
    "Jordan": 0.06406,
    "Mexico": 0.2135,
    "Morocco": 0.26511,
    "Netherlands": 0.33858,
    "New Zealand": 0.08482,
    "Norway": 0.27171,
    "Panama": 0.08394,
    "Paraguay": 0.11982,
    "Portugal": 0.30562,
    "Qatar": 0.03011,
    "Saudi Arabia": 0.04753,
    "Scotland": 0.1047,
    "Senegal": 0.21047,
    "South Africa": 0.05694,
    "South Korea": 0.14844,
    "Spain": 0.503,
    "Sweden": 0.10451,
    "Switzerland": 0.2514,
    "Tunisia": 0.08433,
    "Turkey": 0.21164,
    "USA": 0.13578,
    "Uruguay": 0.2173,
    "Uzbekistan": 0.09713
  },
  "r16_probs": {
    "Algeria": 0.24691,
    "Argentina": 0.53883,
    "Australia": 0.34012,
    "Austria": 0.30648,
    "Belgium": 0.42464,
    "Bosnia and Herzegovina": 0.15303,
    "Brazil": 0.4647,
    "Canada": 0.39321,
    "Cape Verde": 0.13508,
    "Colombia": 0.46572,
    "Croatia": 0.39735,
    "Curacao": 0.15561,
    "Czech Republic": 0.26105,
    "Democratic Republic of the Congo": 0.04543,
    "Ecuador": 0.42725,
    "Egypt": 0.31118,
    "England": 0.58638,
    "France": 0.54613,
    "Germany": 0.55246,
    "Ghana": 0.11373,
    "Haiti": 0.18055,
    "Iran": 0.30906,
    "Iraq": 0.12521,
    "Ivory Coast": 0.27178,
    "Japan": 0.47285,
    "Jordan": 0.1846,
    "Mexico": 0.43892,
    "Morocco": 0.45581,
    "Netherlands": 0.54077,
    "New Zealand": 0.2342,
    "Norway": 0.479,
    "Panama": 0.22691,
    "Paraguay": 0.27573,
    "Portugal": 0.50566,
    "Qatar": 0.10424,
    "Saudi Arabia": 0.14521,
    "Scotland": 0.23775,
    "Senegal": 0.40013,
    "South Africa": 0.16458,
    "South Korea": 0.32082,
    "Spain": 0.73649,
    "Sweden": 0.24306,
    "Switzerland": 0.4588,
    "Tunisia": 0.20909,
    "Turkey": 0.41492,
    "USA": 0.33574,
    "Uruguay": 0.42584,
    "Uzbekistan": 0.23699
  },
  "group_advance": {
    "Algeria": 0.59706,
    "Argentina": 0.89162,
    "Australia": 0.6515,
    "Austria": 0.67776,
    "Belgium": 0.78749,
    "Bosnia and Herzegovina": 0.49414,
    "Brazil": 0.81859,
    "Canada": 0.89603,
    "Cape Verde": 0.40266,
    "Colombia": 0.88194,
    "Croatia": 0.80021,
    "Curacao": 0.43013,
    "Czech Republic": 0.61255,
    "Democratic Republic of the Congo": 0.22235,
    "Ecuador": 0.77374,
    "Egypt": 0.67236,
    "England": 0.91609,
    "France": 0.83989,
    "Germany": 0.86661,
    "Ghana": 0.36503,
    "Haiti": 0.49133,
    "Iran": 0.66902,
    "Iraq": 0.34367,
    "Ivory Coast": 0.60677,
    "Japan": 0.79745,
    "Jordan": 0.50186,
    "Mexico": 0.89873,
    "Morocco": 0.80722,
    "Netherlands": 0.85696,
    "New Zealand": 0.57158,
    "Norway": 0.78941,
    "Panama": 0.56863,
    "Paraguay": 0.57909,
    "Portugal": 0.91509,
    "Qatar": 0.39345,
    "Saudi Arabia": 0.4226,
    "Scotland": 0.57483,
    "Senegal": 0.71746,
    "South Africa": 0.46577,
    "South Korea": 0.69176,
    "Spain": 0.96488,
    "Sweden": 0.54068,
    "Switzerland": 0.86129,
    "Tunisia": 0.48869,
    "Turkey": 0.73287,
    "USA": 0.74285,
    "Uruguay": 0.78159,
    "Uzbekistan": 0.62672
  }
}